{
  "id": "wazuh",
  "version": "4.3.11-4312",
  "opensearchDashboardsVersion": "2.3.0",
  "configPath": [
    "wazuh"
  ],
  "requiredPlugins": [
    "navigation",
    "data",
    "discover",
    "inspector",
    "visualizations",
    "uiActions",
    "charts",
    "savedObjects",
    "opensearchDashboardsReact",
    "opensearchDashboardsUtils",
    "opensearchDashboardsLegacy"
  ],
  "optionalPlugins": [
    "security",
    "securityDashboards",
    "searchguard",
    "telemetry"
  ],
  "server": true,
  "ui": true
}